{
  "clientes": [
    {
      "dni": "73289465B",
      "fechaAlta": "2022-02-14",
      "nombre": "Laura",
      "apellidos": "López Sánchez",
      "email": "laura.lopez@example.com",
      "movil": "612345678",
      "direccion": "Calle Rodríguez 18",
      "provincia": "Madrid",
      "municipio": "Alcalá de Henares",
      "historico": false,
      "lopd": true,
      "password": "",
      "tipo": "user",
      "id": "7169"
    },
    {
      "dni": "X3456789G",
      "fechaAlta": "2023-07-05",
      "nombre": "José",
      "apellidos": "Martín Pérez",
      "email": "jose.martin@example.com",
      "movil": "678901222",
      "direccion": "Calle Fernández 95",
      "provincia": "Barcelona",
      "municipio": "Badalona",
      "historico": true,
      "lopd": true,
      "password": "",
      "tipo": "user",
      "id": "a079"
    },
    {
      "dni": "45678912S",
      "fechaAlta": "2021-11-20",
      "nombre": "Ana",
      "apellidos": "García Gómez",
      "email": "ana.garcia@example.com",
      "movil": "634567890",
      "direccion": "Calle Sánchez 55",
      "provincia": "Sevilla",
      "municipio": "Utrera",
      "historico": false,
      "lopd": true,
      "password": "",
      "tipo": "user",
      "id": "56df"
    },
    {
      "dni": "78912345N",
      "fechaAlta": "2024-03-08",
      "nombre": "Antonio",
      "apellidos": "Pérez López",
      "email": "antonio.perez@example.com",
      "movil": "645678901",
      "direccion": "Calle González 72",
      "provincia": "Valencia",
      "municipio": "Torrent",
      "historico": true,
      "lopd": true,
      "password": "",
      "tipo": "user",
      "id": "c356"
    },
    {
      "dni": "90123456A",
      "fechaAlta": "2022-06-27",
      "nombre": "María",
      "apellidos": "Fernández Martín",
      "email": "maria.fernandez@example.com",
      "movil": "623456789",
      "direccion": "Calle Gómez 14",
      "provincia": "Málaga",
      "municipio": "Ronda",
      "historico": false,
      "lopd": false,
      "password": "",
      "tipo": "user",
      "id": "960a"
    },
    {
      "dni": "Z2345678M",
      "fechaAlta": "2023-04-15",
      "nombre": "Javier",
      "apellidos": "Sánchez García",
      "email": "javier.sanchez@example.com",
      "movil": "689012345",
      "direccion": "Calle Martín 77",
      "provincia": "Zaragoza",
      "municipio": "Calatayud",
      "historico": true,
      "lopd": true,
      "password": "",
      "tipo": "user",
      "id": "eda8"
    },
    {
      "dni": "34567891H",
      "fechaAlta": "2021-09-09",
      "nombre": "Carmen",
      "apellidos": "Rodríguez Martínez",
      "email": "carmen.rodriguez@example.com",
      "movil": "698765432",
      "direccion": "Calle Pérez 42",
      "provincia": "Murcia",
      "municipio": "Cartagena",
      "historico": false,
      "lopd": true,
      "password": "",
      "tipo": "user",
      "id": "39b2"
    },
    {
      "dni": "56789123F",
      "fechaAlta": "2024-01-11",
      "nombre": "Luis",
      "apellidos": "Martínez Fernández",
      "email": "luis.martinez@example.com",
      "movil": "676543210",
      "direccion": "Calle González 64",
      "provincia": "Granada",
      "municipio": "Motril",
      "historico": true,
      "lopd": true,
      "password": "",
      "tipo": "user",
      "id": "d6a9"
    },
    {
      "dni": "23456789D",
      "fechaAlta": "2022-05-22",
      "nombre": "Isabel",
      "apellidos": "Gómez López",
      "email": "isabel.gomez@example.com",
      "movil": "690123456",
      "direccion": "Calle Sánchez 80",
      "provincia": "Cádiz",
      "municipio": "Chiclana de la Frontera",
      "historico": false,
      "lopd": false,
      "password": "",
      "tipo": "user",
      "id": "0f47"
    },
    {
      "dni": "67891234H",
      "fechaAlta": "2023-08-03",
      "nombre": "Carlos",
      "apellidos": "Martín García",
      "email": "carlos.martin@example.com",
      "movil": "687654321",
      "direccion": "Calle Rodríguez 19",
      "provincia": "Bizkaia",
      "municipio": "Getxo",
      "historico": true,
      "lopd": true,
      "password": "",
      "tipo": "user",
      "id": "1955"
    },
    {
      "dni": "78945612K",
      "fechaAlta": "2021-12-29",
      "nombre": "Ana",
      "apellidos": "López Fernández",
      "email": "ana.lopez@example.com",
      "movil": "612398745",
      "direccion": "Calle García 33",
      "provincia": "Madrid",
      "municipio": "Getafe",
      "historico": true,
      "lopd": true,
      "password": "",
      "tipo": "user",
      "id": "1b52"
    },
    {
      "dni": "X9876543K",
      "fechaAlta": "2024-03-17",
      "nombre": "Javier",
      "apellidos": "Sánchez Gómez",
      "email": "javier.sanchez@example.com",
      "movil": "623456789",
      "direccion": "Calle Martín 48",
      "provincia": "Barcelona",
      "municipio": "Terrassa",
      "historico": true,
      "lopd": true,
      "password": "",
      "tipo": "user",
      "id": "58cf"
    },
    {
      "dni": "34561278Y",
      "fechaAlta": "2022-06-05",
      "nombre": "Luis",
      "apellidos": "Pérez Martínez",
      "email": "luis.perez@example.com",
      "movil": "634567890",
      "direccion": "Calle Fernández 12",
      "provincia": "Sevilla",
      "municipio": "Écija",
      "historico": false,
      "lopd": true,
      "password": "",
      "tipo": "user",
      "id": "e406"
    },
    {
      "dni": "Y1234567X",
      "fechaAlta": "2025-09-07",
      "nombre": "María Del Mar",
      "apellidos": "Gómez Rodríguez",
      "email": "maria.gomez@example.com",
      "movil": "645678901",
      "direccion": "Calle García 21",
      "provincia": "Valencia",
      "municipio": "Gandía",
      "historico": true,
      "lopd": true,
      "password": "",
      "tipo": "user",
      "id": "ba17"
    },
    {
      "dni": "56712389R",
      "fechaAlta": "2021-11-12",
      "nombre": "Carlos",
      "apellidos": "Martín Sánchez",
      "email": "carlos.martin@example.com",
      "movil": "656789012",
      "direccion": "Calle López 77",
      "provincia": "Málaga",
      "municipio": "Marbella",
      "historico": false,
      "lopd": false,
      "password": "",
      "tipo": "user",
      "id": "b1f4"
    },
    {
      "dni": "X4567891E",
      "fechaAlta": "2022-01-14",
      "nombre": "Ana",
      "apellidos": "Fernández López",
      "email": "ana.fernandez@example.com",
      "movil": "612345679",
      "direccion": "Calle García 12",
      "provincia": "Madrid",
      "municipio": "Móstoles",
      "historico": false,
      "lopd": true,
      "password": "",
      "tipo": "user",
      "id": "76d6"
    },
    {
      "dni": "Y2345678Z",
      "fechaAlta": "2023-03-09",
      "nombre": "Carlos",
      "apellidos": "Martínez Sánchez",
      "email": "carlos.martinez@example.com",
      "movil": "623456780",
      "direccion": "Calle López 45",
      "provincia": "Barcelona",
      "municipio": "Sabadell",
      "historico": true,
      "lopd": true,
      "password": "",
      "tipo": "user",
      "id": "66fd"
    },
    {
      "dni": "Z9876543A",
      "fechaAlta": "2021-07-22",
      "nombre": "José",
      "apellidos": "Pérez Gómez",
      "email": "jose.perez@example.com",
      "movil": "634567891",
      "direccion": "Calle Rodríguez 33",
      "provincia": "Sevilla",
      "municipio": "Dos Hermanas",
      "historico": false,
      "lopd": true,
      "password": "",
      "tipo": "user",
      "id": "4d3e"
    },
    {
      "dni": "12345678Z",
      "fechaAlta": "2022-09-30",
      "nombre": "Laura",
      "apellidos": "Gómez Fernández",
      "email": "laura.gomez@example.com",
      "movil": "645678902",
      "direccion": "Calle Sánchez 18",
      "provincia": "Valencia",
      "municipio": "Xàtiva",
      "historico": false,
      "lopd": true,
      "password": "",
      "tipo": "user",
      "id": "bacd"
    },
    {
      "dni": "87654321X",
      "fechaAlta": "2023-12-17",
      "nombre": "Luis",
      "apellidos": "López Martín",
      "email": "luis.lopez@example.com",
      "movil": "656789013",
      "direccion": "Calle Fernández 29",
      "provincia": "Málaga",
      "municipio": "Antequera",
      "historico": false,
      "lopd": false,
      "password": "",
      "tipo": "user",
      "id": "9115"
    },
    {
      "dni": "X3456789G",
      "fechaAlta": "2024-05-05",
      "nombre": "Isabel",
      "apellidos": "Martín Pérez",
      "email": "isabel.martin@example.com",
      "movil": "667890124",
      "direccion": "Calle Rodríguez 52",
      "provincia": "Zaragoza",
      "municipio": "Ejea de los Caballeros",
      "historico": true,
      "lopd": true,
      "password": "",
      "tipo": "user",
      "id": "82f2"
    },
    {
      "id": "971c",
      "dni": "00000000T",
      "nombre": "Sonia",
      "apellidos": "Abalos Martínez",
      "eemail": "sonia@gmil.com",
      "movil": "654789465",
      "direccion": "Avda. De Galicia, 101",
      "provincia": "Cuenca",
      "municipio": "Alconchel de la Estrella",
      "fechaAlta": "2025-10-02",
      "historico": true,
      "email": "sonia@gmail.com",
      "lopd": true
    },
    {
      "id": "9afd",
      "dni": "99999999R",
      "nombre": "Francisco",
      "apellidos": "Alonso Gil",
      "eemail": "gil@gil.com",
      "movil": "654654654",
      "direccion": "Avenida Del Puente, 80",
      "provincia": "Pontevedra",
      "municipio": "Vigo",
      "fechaAlta": "2025-02-10",
      "historico": false,
      "tipo": "user",
      "email": "asdf@asdf.ok"
    },
    {
      "id": "c9ee",
      "dni": "39390917J",
      "nombre": "Paula",
      "apellidos": "Gil Santos",
      "eemail": "email@correo.com",
      "movil": "654784315",
      "direccion": "Avenida Del Puerto, 1",
      "provincia": "Guadalajara",
      "municipio": "Driebes",
      "fechaAlta": "2025-10-03",
      "tipo": "user",
      "historico": false
    },
    {
      "id": "ec7e",
      "dni": "Y1362780K",
      "nombre": "Alicia",
      "apellidos": "Suárez Gómez",
      "eemail": "alicia@email.ru",
      "movil": "658451248",
      "direccion": "Calle Principal, 12",
      "provincia": "Girona",
      "municipio": "Arbúcies",
      "fechaAlta": "2025-10-03",
      "tipo": "user",
      "historico": true
    },
    {
      "id": "a1b9",
      "dni": "X4841619G",
      "nombre": "Marta",
      "apellidos": "Abril López",
      "email": "marta.a@gmail.com",
      "movil": "631546975",
      "direccion": "Calle Rúa, 14 4ºa",
      "provincia": "Huelva",
      "municipio": "Alájar",
      "fechaAlta": "2025-10-09",
      "historico": true,
      "tipo": "user",
      "lopd": true
    },
    {
      "id": "68a1",
      "dni": "94016002Y",
      "nombre": "Amancio",
      "apellidos": "Ara Sol",
      "email": "sol@mail.com",
      "movil": "652145786",
      "direccion": "Calle Sol, 25",
      "provincia": "Huelva",
      "municipio": "Cerro de Andévalo, El",
      "fechaAlta": "2025-10-08",
      "historico": true,
      "tipo": "user",
      "lopd": true
    },
    {
      "id": "b38d",
      "dni": "Z4268144Q",
      "nombre": "Santiago",
      "apellidos": "Aldo Santos",
      "email": "aldo@gao.es",
      "movil": "654213658",
      "direccion": "Calle Luna, 34",
      "provincia": "Tarragona",
      "municipio": "Calafell",
      "fechaAlta": "2025-10-14",
      "historico": true,
      "tipo": "user",
      "lopd": true
    },
    {
      "id": "9645",
      "dni": "12345678Y",
      "nombre": "Voctor",
      "apellidos": "Sanchez Güiraldes ",
      "email": "voctorsanchezg@gmail.com",
      "movil": "678789878",
      "direccion": "Calle García 21",
      "provincia": "Pontevedra",
      "municipio": "Bueu",
      "fechaAlta": "2025-10-15",
      "tipo": "user",
      "historico": false
    }
  ],
  "noticias": [
    {
      "id": "9b74",
      "titulo": "Los coches chinos conquistan Europa ",
      "contenido": "Los coches chinos a la conquista europea. En 2025, marcas como BYD, MG y NIO ya controlan más del 10 % del mercado europeo. Su éxito se debe a precios competitivos, tecnología avanzada y una oferta eléctrica que atrae a consumidores y gobiernos. Mientras fabricantes tradicionales como Volkswagen y Renault intentan adaptarse, China gana terreno gracias a una producción eficiente y una estrategia de expansión agresiva en toda la Unión Europea.",
      "fecha": "23/10/2025"
    },
    {
      "id": "4af8",
      "titulo": "Toyota presenta un nuevo motor",
      "contenido": "Toyota presenta su nuevo eléctrico bZ4X, un SUV compacto con autonomía de hasta 450 km y tecnología avanzada de asistencia al conductor. Este modelo marca el inicio de la nueva familia bZ (beyond Zero) de Toyota, enfocada en cero emisiones. El bZ4X cuenta con tracción total opcional, carga rápida y un diseño futurista que combina eficiencia y confort. Llegará a concesionarios en 2025, posicionándose como una opción competitiva en el mercado EV global.",
      "fecha": "23/10/2025"
    },
    {
      "id": "2f48",
      "titulo": "La UE dando palos de ciego en el mundo del motor",
      "contenido": "A pesar del firme respaldo de países como España y Francia a la meta de 2035 para prohibir la venta de coches nuevos con motores de combustión interna en la Unión Europea, Alemania ha impulsado una revisión de esta normativa ante la presión de los fabricantes de automóviles. Esta directiva forma parte del Pact Verde Europeo y pretende acelerar el fin de los combustibles fósiles en el transporte.",
      "fecha": "24/10/2025"
    }
  ]
}